Method,Name,Error,Occurrences,Users,Containers
GET,/?p=5,HTTPError('500 Server Error: Internal Server Error for url: /?p=5'),662,1000,1
GET,/?p=5,RemoteDisconnected('Remote end closed connection without response'),5853,1000,1
GET,/?p=8,RemoteDisconnected('Remote end closed connection without response'),2916,1000,1
GET,/?p=11,"ChunkedEncodingError(ProtocolError(""Connection broken: InvalidChunkLength(got length b'', 0 bytes read)"", InvalidChunkLength(got length b'', 0 bytes read)))",2,1000,1
GET,/?p=8,HTTPError('500 Server Error: Internal Server Error for url: /?p=8'),316,1000,1
GET,/?p=11,RemoteDisconnected('Remote end closed connection without response'),8801,1000,1
GET,/?p=11,HTTPError('500 Server Error: Internal Server Error for url: /?p=11'),925,1000,1
GET,/?p=5,HTTPError('500 Server Error: Internal Server Error for url: /?p=5'),6120,1000,2
GET,/?p=5,RemoteDisconnected('Remote end closed connection without response'),2466,1000,2
GET,/?p=8,RemoteDisconnected('Remote end closed connection without response'),1231,1000,2
GET,/?p=8,HTTPError('500 Server Error: Internal Server Error for url: /?p=8'),3184,1000,2
GET,/?p=11,RemoteDisconnected('Remote end closed connection without response'),3849,1000,2
GET,/?p=11,HTTPError('500 Server Error: Internal Server Error for url: /?p=11'),9196,1000,2
